QPS,pruning_ratio,recall,gamma,nprobe,k_factor
250.81000557733756,0.8771582641601563,0.71994,0.67,40,1.0
170.71855743913048,0.9007675170898437,0.79653,0.67,60,1.0
139.0218285905544,0.9161085205078126,0.84566,0.67,80,1.0
118.80094294033795,0.927069091796875,0.87741,0.67,100,1.0
86.71109271625862,0.9449476928710937,0.92522,0.67,150,1.0
69.04331745918529,0.9557674560546875,0.95026,0.67,200,1.0
58.020669686510786,0.9630623779296875,0.96566,0.67,250,1.0
49.96016102920097,0.9683143920898437,0.97478,0.67,300,1.0
39.12882742967462,0.9754238891601562,0.98513,0.67,400,1.0