QPS,pruning_ratio,recall,gamma,ef
98.7703586886444,0.9021741943359375,0.9541233108108108,0.65,450
90.53122197477713,0.90169921875,0.963745777027027,0.65,500
83.28202547538399,0.90125927734375,0.970933277027027,0.65,550
77.8411626080534,0.900909423828125,0.9764611486486486,0.65,600
72.91540213363096,0.9005775146484375,0.9807474662162162,0.65,650
68.17717303051901,0.9003621826171875,0.9842221283783784,0.65,700
64.19281253921366,0.9001893920898437,0.9868023648648648,0.65,750
61.63446606988627,0.9000991821289063,0.9888293918918919,0.65,800
58.581383791722715,0.9000387573242188,0.9904501689189189,0.65,850
54.22203381337772,0.9000924682617187,0.991754222972973,0.65,900
52.581649597214145,0.9002554931640625,0.9927804054054054,0.65,950
49.2220308366464,0.9005650024414062,0.9935895270270271,0.65,1000

95.59731512724701,0.9020125732421875,0.9541199324324324,0.65,450,108913.256,9438.811
89.63583135460657,0.9015582275390625,0.963741554054054,0.65,500,118178.632,10324.033
82.57228882693245,0.9011450805664063,0.9708800675675676,0.65,550,127169.672,11187.573
77.83244086740548,0.9008033447265625,0.9764552364864865,0.65,600,135816.96,12022.918
71.92075983559565,0.9004876098632812,0.9807331081081081,0.65,650,144112.432,12833.822
68.4845342057659,0.9002722778320312,0.9841891891891892,0.65,700,152294.608,13627.977
64.7122674365089,0.9001177368164063,0.9867601351351352,0.65,750,160251.808,14395.259
61.422845990726145,0.900038330078125,0.9887753378378379,0.65,800,168005.248,15137.285
58.724928625120846,0.89998486328125,0.9903961148648649,0.65,850,175529.184,15850.399
55.59566972669882,0.900044921875,0.991714527027027,0.65,900,182895.392,16534.818
53.84087866771943,0.9002081909179688,0.9927635135135136,0.65,950,190039.936,17183.716
51.797345041270006,0.900526123046875,0.993558277027027,0.65,1000,197120.272,17796.342


