QPS,pruning_ratio,recall,gamma,ef
171.17751061946015,0.0,0.6842,0.0,20,600.0
134.71933658908233,0.0,0.8085,0.0,40,600.0
128.7734265297997,0.0,0.8698,0.0,60,600.0
124.23270612211664,0.0,0.9078,0.0,80,600.0
120.03798122540566,0.0,0.93,0.0,100,600.0
106.40161511729002,0.0,0.9625,0.0,150,600.0
93.60704632768835,0.0,0.9771,0.0,200,600.0
85.87479776405114,0.0,0.986,0.0,250,600.0
80.55966354238575,0.0,0.991,0.0,300,600.0
66.04901612444496,0.0,0.9946,0.0,400,600.0
