QPS,pruning_ratio,recall,gamma,nprobe,k_factor
102.37176029005084,0.0,0.71179,0.0,40,1.8
70.29913785714326,0.0,0.78689,0.0,60,1.8
57.25629040830209,0.0,0.835,0.0,80,1.8
48.08181836429783,0.0,0.86636,0.0,100,1.8
34.45519725386516,0.0,0.91346,0.0,150,1.8
26.877502766006586,0.0,0.93819,0.0,200,1.8
22.574866724019394,0.0,0.95326,0.0,250,1.8
19.302365152539164,0.0,0.9623,0.0,300,1.8
15.683145293125326,0.0,0.97248,0.0,400,1.8
13.474045845924916,0.0,0.97706,0.0,500,1.8
11.942654753977433,0.0,0.97928,0.0,600,1.8
10.718797675019536,0.0,0.98059,0.0,700,1.8
10.24476333973202,0.0,0.98125,0.0,800,1.8


59.20090638289554,0.0,0.71179,0.0,40,1.8,13342.034,13342.034
46.73032694162496,0.0,0.78689,0.0,60,1.8,19634.216,19634.216
46.650035588372084,0.0,0.835,0.0,80,1.8,25662.852,25662.852
43.630667681313035,0.0,0.86636,0.0,100,1.8,31454.49,31454.49
31.62458711095916,0.0,0.91346,0.0,150,1.8,45070.368,45070.368
20.102858304709645,0.0,0.93819,0.0,200,1.8,57523.64,57523.64
17.475187355407627,0.0,0.95326,0.0,250,1.8,68932.144,68932.144
16.644913703687276,0.0,0.9623,0.0,300,1.8,79374.072,79374.072
13.470692838794715,0.0,0.97248,0.0,400,1.8,97862.664,97862.664
10.730191371986267,0.0,0.97706,0.0,500,1.8,113620.384,113620.384
10.254530313951133,0.0,0.97928,0.0,600,1.8,126822.472,126822.472
9.40290532078324,0.0,0.98059,0.0,700,1.8,137892.064,137892.064
8.049636410132582,0.0,0.98125,0.0,800,1.8,147178.304,147178.304
