QPS,pruning_ratio,recall,gamma,nprobe,k_factor
15.900196582165723,0.0,0.947966,0.0,500,1.7
13.719583513970418,0.0,0.956597,0.0,500,1.8
12.789844938059678,0.0,0.963058,0.0,600,1.8
11.407417227079788,0.0,0.966827,0.0,700,1.8
10.5229630149802,0.0,0.969164,0.0,800,1.8
9.988470606314042,0.0,0.970451,0.0,900,1.8
9.32095740059411,0.0,0.9713,0.0,1000,1.8
